[{"model": "contenttypes.contenttype", "pk": 1, "fields": {"app_label": "auth", "model": "permission"}}, {"model": "contenttypes.contenttype", "pk": 2, "fields": {"app_label": "auth", "model": "group"}}, {"model": "contenttypes.contenttype", "pk": 3, "fields": {"app_label": "contenttypes", "model": "contenttype"}}, {"model": "contenttypes.contenttype", "pk": 4, "fields": {"app_label": "accounts", "model": "role"}}, {"model": "contenttypes.contenttype", "pk": 5, "fields": {"app_label": "accounts", "model": "customuser"}}, {"model": "contenttypes.contenttype", "pk": 6, "fields": {"app_label": "authtoken", "model": "token"}}, {"model": "contenttypes.contenttype", "pk": 7, "fields": {"app_label": "admin", "model": "logentry"}}, {"model": "contenttypes.contenttype", "pk": 8, "fields": {"app_label": "sessions", "model": "session"}}, {"model": "contenttypes.contenttype", "pk": 9, "fields": {"app_label": "produto", "model": "product"}}, {"model": "contenttypes.contenttype", "pk": 10, "fields": {"app_label": "categoria", "model": "category"}}, {"model": "contenttypes.contenttype", "pk": 11, "fields": {"app_label": "produto", "model": "productimage"}}, {"model": "contenttypes.contenttype", "pk": 12, "fields": {"app_label": "purchases", "model": "purchase"}}, {"model": "contenttypes.contenttype", "pk": 13, "fields": {"app_label": "produto", "model": "offer"}}, {"model": "contenttypes.contenttype", "pk": 14, "fields": {"app_label": "carrosel", "model": "image"}}, {"model": "contenttypes.contenttype", "pk": 15, "fields": {"app_label": "carrosel", "model": "carrosel"}}, {"model": "contenttypes.contenttype", "pk": 16, "fields": {"app_label": "purchases", "model": "itemproduct"}}, {"model": "produto.product", "pk": 1, "fields": {"number_product": "13489916", "name": "NOVO NOME", "description": "OUTRA DESCRICAO", "quantity": 1009, "price": 1.5, "offer_price": null, "offer": false, "created_at": "2020-04-03T04:03:11.932Z", "updated_at": "2020-05-14T04:28:30.166Z", "images": [], "categories": [1, 2]}}, {"model": "produto.product", "pk": 2, "fields": {"number_product": "13489916", "name": "PARACETAMOL", "description": "Serve pra febre e dor", "quantity": 100, "price": 2.5, "offer_price": null, "offer": false, "created_at": "2020-04-03T04:03:50.370Z", "updated_at": "2020-04-03T04:03:51.130Z", "images": [], "categories": [1, 2]}}, {"model": "produto.product", "pk": 3, "fields": {"number_product": null, "name": "TESTE IMAGEM", "description": "IMG", "quantity": 100, "price": 2.5, "offer_price": null, "offer": false, "created_at": "2020-04-05T19:25:35.372Z", "updated_at": "2020-04-05T19:25:35.372Z", "images": [], "categories": []}}, {"model": "produto.product", "pk": 4, "fields": {"number_product": null, "name": "TESTE IMAGEM", "description": "IMG", "quantity": 100, "price": 2.5, "offer_price": null, "offer": false, "created_at": "2020-04-05T19:26:05.329Z", "updated_at": "2020-04-05T19:26:06.409Z", "images": [1], "categories": [1, 2]}}, {"model": "produto.product", "pk": 5, "fields": {"number_product": null, "name": "PRODUTO", "description": "SERVE PRA DOEN\u00c7AS", "quantity": 100, "price": 12.5, "offer_price": null, "offer": false, "created_at": "2020-05-16T20:08:19.120Z", "updated_at": "2020-05-16T20:08:20.048Z", "images": [], "categories": [1, 2]}}, {"model": "produto.productimage", "pk": 1, "fields": {"image_url": "teste", "created_at": "2020-04-05T19:26:05.962Z", "updated_at": "2020-04-05T19:26:05.962Z"}}, {"model": "purchases.itemproduct", "pk": 3, "fields": {"product": 1, "quantity": 2, "product_price": 1.5, "total_price": 3.0, "created_at": "2020-05-16T20:18:37.832Z", "updated_at": "2020-05-16T20:18:37.832Z"}}, {"model": "purchases.itemproduct", "pk": 4, "fields": {"product": 2, "quantity": 5, "product_price": 2.5, "total_price": 12.5, "created_at": "2020-05-16T20:21:04.635Z", "updated_at": "2020-05-16T20:21:04.635Z"}}, {"model": "purchases.itemproduct", "pk": 5, "fields": {"product": 2, "quantity": 5, "product_price": 2.5, "total_price": 12.5, "created_at": "2020-05-16T20:22:06.827Z", "updated_at": "2020-05-16T20:22:06.827Z"}}, {"model": "categoria.category", "pk": 1, "fields": {"name": "XAROPE", "created_at": "2020-04-03T04:01:54.306Z", "updated_at": "2020-04-03T04:01:54.306Z"}}, {"model": "categoria.category", "pk": 2, "fields": {"name": "PASTILHA", "created_at": "2020-04-03T04:02:11.701Z", "updated_at": "2020-04-03T04:02:11.701Z"}}, {"model": "categoria.category", "pk": 3, "fields": {"name": "INALADOR", "created_at": "2020-05-16T20:00:59.919Z", "updated_at": "2020-05-16T20:00:59.919Z"}}, {"model": "categoria.category", "pk": 4, "fields": {"name": "INALADOR", "created_at": "2020-05-16T20:02:13.773Z", "updated_at": "2020-05-16T20:02:13.773Z"}}, {"model": "categoria.category", "pk": 6, "fields": {"name": "REFIL", "created_at": "2020-05-16T20:11:52.789Z", "updated_at": "2020-05-16T20:11:52.789Z"}}, {"model": "carrosel.image", "pk": 1, "fields": {"url": "teste.com", "link": null, "base_64": null, "created_at": "2020-05-08T23:57:15.760Z", "updated_at": "2020-05-08T23:57:15.760Z"}}, {"model": "carrosel.image", "pk": 2, "fields": {"url": "teste.com", "link": "linkaqui.com", "base_64": "afasfafnasiofnaiogiangioasgan", "created_at": "2020-05-14T03:47:44.900Z", "updated_at": "2020-05-14T03:47:44.900Z"}}, {"model": "carrosel.image", "pk": 3, "fields": {"url": "teste.com", "link": "linkaqui.com", "base_64": "afasfafnasiofnaiogiangioasgan", "created_at": "2020-05-14T03:51:58.717Z", "updated_at": "2020-05-14T03:51:58.717Z"}}, {"model": "carrosel.image", "pk": 4, "fields": {"url": "teste.com", "link": "linkaqui.com", "base_64": "afasfafnasiofnaiogiangioasgan", "created_at": "2020-05-14T03:52:25.515Z", "updated_at": "2020-05-14T03:52:25.515Z"}}, {"model": "carrosel.image", "pk": 5, "fields": {"url": "teste.com", "link": "linkaqui.com", "base_64": "afasfafnasiofnaiogiangioasgan", "created_at": "2020-05-14T03:53:02.473Z", "updated_at": "2020-05-14T03:53:02.473Z"}}, {"model": "carrosel.image", "pk": 6, "fields": {"url": "teste.com", "link": "linkaqui.com", "base_64": "afasfafnasiofnaiogiangioasgan", "created_at": "2020-05-14T03:54:38.842Z", "updated_at": "2020-05-14T03:54:38.842Z"}}, {"model": "carrosel.image", "pk": 7, "fields": {"url": "teste.com", "link": "linkaqui.com", "base_64": "afasfafnasiofnaiogiangioasgan", "created_at": "2020-05-14T03:55:51.685Z", "updated_at": "2020-05-14T03:55:51.685Z"}}, {"model": "carrosel.carrosel", "pk": 1, "fields": {"name": "teste", "created_at": "2020-05-08T23:57:15.431Z", "updated_at": "2020-05-08T23:57:16.142Z", "images": [1]}}, {"model": "carrosel.carrosel", "pk": 2, "fields": {"name": "images1", "created_at": "2020-05-14T03:47:44.575Z", "updated_at": "2020-05-14T03:47:45.534Z", "images": [2]}}, {"model": "carrosel.carrosel", "pk": 3, "fields": {"name": "images1", "created_at": "2020-05-14T03:50:03.143Z", "updated_at": "2020-05-14T03:50:03.473Z", "images": []}}, {"model": "carrosel.carrosel", "pk": 4, "fields": {"name": "images1", "created_at": "2020-05-14T03:51:58.380Z", "updated_at": "2020-05-14T03:51:59.239Z", "images": [3]}}, {"model": "carrosel.carrosel", "pk": 5, "fields": {"name": "images1", "created_at": "2020-05-14T03:52:25.167Z", "updated_at": "2020-05-14T03:52:26.125Z", "images": [4]}}, {"model": "carrosel.carrosel", "pk": 6, "fields": {"name": "images1", "created_at": "2020-05-14T03:53:02.064Z", "updated_at": "2020-05-14T03:53:03.062Z", "images": [5]}}, {"model": "carrosel.carrosel", "pk": 7, "fields": {"name": "images1", "created_at": "2020-05-14T03:54:38.467Z", "updated_at": "2020-05-14T03:54:39.410Z", "images": [6]}}, {"model": "carrosel.carrosel", "pk": 8, "fields": {"name": "images1", "created_at": "2020-05-14T03:55:51.260Z", "updated_at": "2020-05-14T03:55:52.176Z", "images": [7]}}, {"model": "auth.permission", "pk": 1, "fields": {"name": "Can add permission", "content_type": 1, "codename": "add_permission"}}, {"model": "auth.permission", "pk": 2, "fields": {"name": "Can change permission", "content_type": 1, "codename": "change_permission"}}, {"model": "auth.permission", "pk": 3, "fields": {"name": "Can delete permission", "content_type": 1, "codename": "delete_permission"}}, {"model": "auth.permission", "pk": 4, "fields": {"name": "Can view permission", "content_type": 1, "codename": "view_permission"}}, {"model": "auth.permission", "pk": 5, "fields": {"name": "Can add group", "content_type": 2, "codename": "add_group"}}, {"model": "auth.permission", "pk": 6, "fields": {"name": "Can change group", "content_type": 2, "codename": "change_group"}}, {"model": "auth.permission", "pk": 7, "fields": {"name": "Can delete group", "content_type": 2, "codename": "delete_group"}}, {"model": "auth.permission", "pk": 8, "fields": {"name": "Can view group", "content_type": 2, "codename": "view_group"}}, {"model": "auth.permission", "pk": 9, "fields": {"name": "Can add content type", "content_type": 3, "codename": "add_contenttype"}}, {"model": "auth.permission", "pk": 10, "fields": {"name": "Can change content type", "content_type": 3, "codename": "change_contenttype"}}, {"model": "auth.permission", "pk": 11, "fields": {"name": "Can delete content type", "content_type": 3, "codename": "delete_contenttype"}}, {"model": "auth.permission", "pk": 12, "fields": {"name": "Can view content type", "content_type": 3, "codename": "view_contenttype"}}, {"model": "auth.permission", "pk": 13, "fields": {"name": "Pode visualizar Roles", "content_type": 4, "codename": "leitor"}}, {"model": "auth.permission", "pk": 14, "fields": {"name": "Pode visualizar e editar Roles", "content_type": 4, "codename": "editor"}}, {"model": "auth.permission", "pk": 15, "fields": {"name": "Can add Token", "content_type": 6, "codename": "add_token"}}, {"model": "auth.permission", "pk": 16, "fields": {"name": "Can change Token", "content_type": 6, "codename": "change_token"}}, {"model": "auth.permission", "pk": 17, "fields": {"name": "Can delete Token", "content_type": 6, "codename": "delete_token"}}, {"model": "auth.permission", "pk": 18, "fields": {"name": "Can view Token", "content_type": 6, "codename": "view_token"}}, {"model": "auth.permission", "pk": 19, "fields": {"name": "Can add log entry", "content_type": 7, "codename": "add_logentry"}}, {"model": "auth.permission", "pk": 20, "fields": {"name": "Can change log entry", "content_type": 7, "codename": "change_logentry"}}, {"model": "auth.permission", "pk": 21, "fields": {"name": "Can delete log entry", "content_type": 7, "codename": "delete_logentry"}}, {"model": "auth.permission", "pk": 22, "fields": {"name": "Can view log entry", "content_type": 7, "codename": "view_logentry"}}, {"model": "auth.permission", "pk": 23, "fields": {"name": "Can add session", "content_type": 8, "codename": "add_session"}}, {"model": "auth.permission", "pk": 24, "fields": {"name": "Can change session", "content_type": 8, "codename": "change_session"}}, {"model": "auth.permission", "pk": 25, "fields": {"name": "Can delete session", "content_type": 8, "codename": "delete_session"}}, {"model": "auth.permission", "pk": 26, "fields": {"name": "Can view session", "content_type": 8, "codename": "view_session"}}, {"model": "auth.permission", "pk": 27, "fields": {"name": "Pode visualizar Products", "content_type": 9, "codename": "geral_products_visualizar"}}, {"model": "auth.permission", "pk": 28, "fields": {"name": "Pode visualizar e editar Products", "content_type": 9, "codename": "geral_products_editar"}}, {"model": "auth.permission", "pk": 29, "fields": {"name": "Pode visualizar Categories", "content_type": 10, "codename": "geral_categories_visualizar"}}, {"model": "auth.permission", "pk": 30, "fields": {"name": "Pode visualizar e editar Categories", "content_type": 10, "codename": "geral_categories_editar"}}, {"model": "auth.permission", "pk": 31, "fields": {"name": "Pode visualizar Products Images", "content_type": 11, "codename": "geral_products images_visualizar"}}, {"model": "auth.permission", "pk": 32, "fields": {"name": "Pode visualizar e editar Products Images", "content_type": 11, "codename": "geral_products images_editar"}}, {"model": "auth.permission", "pk": 33, "fields": {"name": "Pode visualizar Purchases", "content_type": 12, "codename": "geral_purchases_visualizar"}}, {"model": "auth.permission", "pk": 34, "fields": {"name": "Pode visualizar e editar Purchases", "content_type": 12, "codename": "geral_purchases_editar"}}, {"model": "auth.permission", "pk": 35, "fields": {"name": "Pode visualizar Offer", "content_type": 13, "codename": "geral_offer_visualizar"}}, {"model": "auth.permission", "pk": 36, "fields": {"name": "Pode visualizar e editar Offer", "content_type": 13, "codename": "geral_offer_editar"}}, {"model": "auth.permission", "pk": 37, "fields": {"name": "Pode visualizar Images", "content_type": 14, "codename": "geral_images_visualizar"}}, {"model": "auth.permission", "pk": 38, "fields": {"name": "Pode visualizar e editar Images", "content_type": 14, "codename": "geral_images_editar"}}, {"model": "auth.permission", "pk": 39, "fields": {"name": "Pode visualizar Carrosel", "content_type": 15, "codename": "geral_carrosel_visualizar"}}, {"model": "auth.permission", "pk": 40, "fields": {"name": "Pode visualizar e editar Carrosel", "content_type": 15, "codename": "geral_carrosel_editar"}}, {"model": "auth.permission", "pk": 41, "fields": {"name": "Pode visualizar Purchases", "content_type": 16, "codename": "geral_purchases_visualizar"}}, {"model": "auth.permission", "pk": 42, "fields": {"name": "Pode visualizar e editar Purchases", "content_type": 16, "codename": "geral_purchases_editar"}}, {"model": "accounts.customuser", "pk": 1, "fields": {"password": "pbkdf2_sha256$180000$FG1OTPR6Gpx8$B4EZaobC1OyRhSVy+wjwYs9ybOEPdgQrS6F2VsnQcE4=", "last_login": null, "is_superuser": true, "username": "admin@unicap.br", "name": "", "ddd_phone_comercial": null, "comercial_phone": null, "ddd_phone": null, "phone": null, "email_alternativo": null, "tratamento": null, "tipo_logradouro": null, "logradouro": null, "numero_logradouro": null, "complemento": null, "bairro": null, "localidade": null, "cidade": null, "uf": null, "cep": null, "notas": null, "is_active": true, "is_admin": true, "groups": [], "user_permissions": [], "favorites": [4], "cart": []}}, {"model": "accounts.customuser", "pk": 2, "fields": {"password": "pbkdf2_sha256$180000$4JNTzwj2OasL$8I4+PbmL/U+37EGF5cM1tvkscdXYuSYRk1tx2b79J1E=", "last_login": null, "is_superuser": false, "username": "client@unicap.br", "name": "Cliente novo", "ddd_phone_comercial": null, "comercial_phone": null, "ddd_phone": null, "phone": null, "email_alternativo": null, "tratamento": null, "tipo_logradouro": null, "logradouro": null, "numero_logradouro": null, "complemento": null, "bairro": null, "localidade": null, "cidade": null, "uf": null, "cep": null, "notas": null, "is_active": true, "is_admin": false, "groups": [], "user_permissions": [], "favorites": [], "cart": []}}, {"model": "accounts.customuser", "pk": 3, "fields": {"password": "pbkdf2_sha256$180000$J2ME1peypoya$dbqt53+b5uOlwp9wNPupYed1/q9EpDzG2Wtv0U2mCzE=", "last_login": null, "is_superuser": false, "username": "testet@unicap.br", "name": "Teste teste", "ddd_phone_comercial": null, "comercial_phone": null, "ddd_phone": null, "phone": "81912341234", "email_alternativo": null, "tratamento": null, "tipo_logradouro": null, "logradouro": null, "numero_logradouro": null, "complemento": null, "bairro": null, "localidade": null, "cidade": null, "uf": null, "cep": null, "notas": null, "is_active": true, "is_admin": false, "groups": [], "user_permissions": [], "favorites": [], "cart": []}}, {"model": "accounts.customuser", "pk": 4, "fields": {"password": "pbkdf2_sha256$180000$vKKsqWX2IXdO$h0HDaZhIUzI7RbDHQN2tp7qk6dSQETMFBPWClahFkyU=", "last_login": null, "is_superuser": false, "username": "testea@unicap.br", "name": "Teste teste", "ddd_phone_comercial": null, "comercial_phone": null, "ddd_phone": null, "phone": "81912341234", "email_alternativo": null, "tratamento": null, "tipo_logradouro": null, "logradouro": null, "numero_logradouro": null, "complemento": null, "bairro": null, "localidade": null, "cidade": null, "uf": null, "cep": null, "notas": null, "is_active": true, "is_admin": false, "groups": [], "user_permissions": [], "favorites": [], "cart": []}}, {"model": "accounts.customuser", "pk": 5, "fields": {"password": "pbkdf2_sha256$180000$8Jopvu1TMZht$2NlFOMPAXP9JWUFaKI+yq9nYmKlXC8FOYpq7qL1ffsM=", "last_login": null, "is_superuser": false, "username": "testeb@unicap.br", "name": "Teste teste", "ddd_phone_comercial": null, "comercial_phone": null, "ddd_phone": null, "phone": "81912341234", "email_alternativo": null, "tratamento": null, "tipo_logradouro": null, "logradouro": null, "numero_logradouro": null, "complemento": null, "bairro": null, "localidade": null, "cidade": null, "uf": null, "cep": null, "notas": null, "is_active": true, "is_admin": false, "groups": [], "user_permissions": [], "favorites": [], "cart": []}}, {"model": "accounts.customuser", "pk": 6, "fields": {"password": "pbkdf2_sha256$180000$324P09CWPNRV$q8hpXaRVUnZxIwpJWmUx1eQsrgwraySMk+Rw/dNwxsM=", "last_login": null, "is_superuser": false, "username": "testec@unicap.br", "name": "Teste muda", "ddd_phone_comercial": null, "comercial_phone": "994889898", "ddd_phone": null, "phone": "912341111", "email_alternativo": null, "tratamento": "Sr", "tipo_logradouro": "Ruaaa", "logradouro": "Vitoria a", "numero_logradouro": 156, "complemento": "Casa", "bairro": "Jango", "localidade": "Norte", "cidade": "Paulista", "uf": "PQ", "cep": "53439341", "notas": "OBS", "is_active": true, "is_admin": false, "groups": [], "user_permissions": [], "favorites": [], "cart": []}}, {"model": "authtoken.token", "pk": "0e73e1d589808927ccd5f9ce4a8c7e616935bcab", "fields": {"user": 4, "created": "2020-05-14T03:03:58.580Z"}}, {"model": "authtoken.token", "pk": "1f571c9244c669fef14f1420b3f10405888f7df9", "fields": {"user": 2, "created": "2020-04-03T03:58:45.347Z"}}, {"model": "authtoken.token", "pk": "8a8451837817a2e372b82b04c8d1614528801e5b", "fields": {"user": 6, "created": "2020-05-14T03:08:00.918Z"}}, {"model": "authtoken.token", "pk": "8ffba377dee979735797dae8e7dea5244e93d58f", "fields": {"user": 1, "created": "2020-04-03T03:48:20.530Z"}}, {"model": "authtoken.token", "pk": "e55876815a9616fdc2efc796f30bbc0c9a4eca2b", "fields": {"user": 3, "created": "2020-05-14T03:03:37.810Z"}}, {"model": "authtoken.token", "pk": "f0cf0e32101d5a23d545f8c0fa25a43f5a84eb7d", "fields": {"user": 5, "created": "2020-05-14T03:05:40.689Z"}}]